<?xml version="1.0" encoding="UTF-8"?>
<Module name="sd_driver" Register="77" Lut="79" T_Register="453(77)" T_Alu="89(0)" T_Lut="687(79)" T_Bsram="1(0)" T_Ssram="3(0)">
    <SubModule name="sd_play_ctrl_inst" Register="47" Alu="68" Lut="73" T_Register="47(47)" T_Alu="68(68)" T_Lut="73(73)"/>
    <SubModule name="your_instance_name" Register="60" Alu="21" Lut="78" Bsram="1" Ssram="3" T_Register="60(60)" T_Alu="21(21)" T_Lut="78(78)" T_Bsram="1(1)" T_Ssram="3(3)"/>
    <SubModule name="sd_ctrl_inst" Lut="5" T_Register="227(0)" T_Lut="367(5)">
        <SubModule name="sd_init_inst" Register="72" Lut="102" T_Register="72(72)" T_Lut="102(102)"/>
        <SubModule name="sd_write_inst" Register="56" Lut="98" T_Register="56(56)" T_Lut="98(98)"/>
        <SubModule name="sd_read_inst" Register="99" Lut="162" T_Register="99(99)" T_Lut="162(162)"/>
    </SubModule>
    <SubModule name="key_filter_inst1" Register="21" Lut="46" T_Register="21(21)" T_Lut="46(46)"/>
    <SubModule name="key_filter_inst2" Register="21" Lut="44" T_Register="21(21)" T_Lut="44(44)"/>
</Module>
