<?xml version="1.0" encoding="UTF-8"?>
<Module name="eth_top" Register="131" Alu="60" Lut="243" T_Register="2331(131)" T_Alu="637(60)" T_Lut="3457(243)" T_Bsram="116(0)">
    <SubModule name="eth_inst" Register="3" Lut="4" T_Register="1680(3)" T_Alu="534(0)" T_Lut="1880(4)">
        <SubModule name="u_gmii_to_rgmii">
            <SubModule name="u_rgmii_rx"/>
            <SubModule name="u_rgmii_tx"/>
        </SubModule>
        <SubModule name="u_arp" T_Register="423(0)" T_Lut="554(0)">
            <SubModule name="u_arp_rx" Register="278" Lut="265" T_Register="278(278)" T_Lut="265(265)"/>
            <SubModule name="u_arp_tx" Register="113" Lut="218" T_Register="113(113)" T_Lut="218(218)"/>
            <SubModule name="u_crc32_d8" Register="32" Lut="71" T_Register="32(32)" T_Lut="71(71)"/>
        </SubModule>
        <SubModule name="u_udp" T_Register="396(0)" T_Alu="125(0)" T_Lut="549(0)">
            <SubModule name="u_udp_rx" Register="179" Alu="12" Lut="162" T_Register="179(179)" T_Alu="12(12)" T_Lut="162(162)"/>
            <SubModule name="u_udp_tx" Register="185" Alu="113" Lut="319" T_Register="185(185)" T_Alu="113(113)" T_Lut="319(319)"/>
            <SubModule name="u_crc32_d8" Register="32" Lut="68" T_Register="32(32)" T_Lut="68(68)"/>
        </SubModule>
        <SubModule name="u_eth_ctrl" Lut="18" T_Lut="18(18)"/>
        <SubModule name="icmp_inst0" T_Register="858(0)" T_Alu="409(0)" T_Lut="755(0)">
            <SubModule name="icmp_rx_inst0" Register="394" Lut="230" T_Register="394(394)" T_Lut="230(230)"/>
            <SubModule name="icmp_tx_inst0" Register="432" Alu="409" Lut="456" T_Register="432(432)" T_Alu="409(409)" T_Lut="456(456)"/>
            <SubModule name="u_crc32_d8" Register="32" Lut="69" T_Register="32(32)" T_Lut="69(69)"/>
        </SubModule>
    </SubModule>
    <SubModule name="divide_command_data_inst" Register="89" Lut="25" T_Register="89(89)" T_Lut="25(25)"/>
    <SubModule name="configuration_top_inst" Register="222" Lut="65" T_Register="222(222)" T_Lut="65(65)"/>
    <SubModule name="ram_ctrl_tx_u" Register="84" Lut="120" T_Register="88(84)" T_Lut="562(120)" T_Bsram="58(0)">
        <SubModule name="Gowin_SDPB_tx_u" Register="4" Lut="442" Bsram="58" T_Register="4(4)" T_Lut="442(442)" T_Bsram="58(58)"/>
    </SubModule>
    <SubModule name="ram_ctrl_rx_u" Register="117" Alu="43" Lut="240" T_Register="121(117)" T_Alu="43(43)" T_Lut="682(240)" T_Bsram="58(0)">
        <SubModule name="Gowin_SDPB_rx_u" Register="4" Lut="442" Bsram="58" T_Register="4(4)" T_Lut="442(442)" T_Bsram="58(58)"/>
    </SubModule>
</Module>
