<?xml version="1.0" encoding="UTF-8"?>
<Module name="fsk_top" Register="1998" Alu="64" Lut="962" T_Register="5249(1998)" T_Alu="580(64)" T_Lut="3799(962)" T_Bsram="58(0)" T_Ssram="13(0)">
 <SubModule name="gowin_pll"/>
 <SubModule name="clk_pll_inst0"/>
 <SubModule name="audio_driver_inst0" Register="80" Alu="14" Lut="148" T_Register="80(80)" T_Alu="14(14)" T_Lut="148(148)"/>
 <SubModule name="sd_driver_inst0" Register="423" Alu="89" Lut="687" Bsram="1" Ssram="3" T_Register="423(423)" T_Alu="89(89)" T_Lut="687(687)" T_Bsram="1(1)" T_Ssram="3(3)"/>
 <SubModule name="u_clk_divider" Register="8" Lut="12" T_Register="8(8)" T_Lut="12(12)"/>
 <SubModule name="u_fsk_udp_in" Register="94" Alu="14" Lut="131" Bsram="4" Ssram="4" T_Register="94(94)" T_Alu="14(14)" T_Lut="131(131)" T_Bsram="4(4)" T_Ssram="4(4)"/>
 <SubModule name="u_fsk_200k" Register="540" Alu="64" Lut="178" Bsram="3" T_Register="540(540)" T_Alu="64(64)" T_Lut="178(178)" T_Bsram="3(3)"/>
 <SubModule name="u_fsk_350k" Register="540" Alu="64" Lut="178" Bsram="3" T_Register="540(540)" T_Alu="64(64)" T_Lut="178(178)" T_Bsram="3(3)"/>
 <SubModule name="u_fsk_noncoherent_demod" Register="18" Lut="27" T_Register="18(18)" T_Lut="27(27)"/>
 <SubModule name="u_fsk_udp_out" Register="108" Alu="28" Lut="155" Bsram="4" Ssram="4" T_Register="108(108)" T_Alu="28(28)" T_Lut="155(155)" T_Bsram="4(4)" T_Ssram="4(4)"/>
 <SubModule name="u_fsk_udp_out_ctrl" Register="6" Lut="9" T_Register="6(6)" T_Lut="9(9)"/>
 <SubModule name="rgmii_to_gmii"/>
 <SubModule name="eth_udp_rx_gmii" Register="490" Lut="326" Ssram="2" T_Register="510(490)" T_Alu="151(0)" T_Lut="326(326)" T_Ssram="2(2)">
  <SubModule name="ip_checksum" Register="20" Alu="151" T_Register="20(20)" T_Alu="151(151)"/>
 </SubModule>
 <SubModule name="eth_msg_buf" Register="20" Alu="11" Lut="24" Bsram="4" T_Register="20(20)" T_Alu="11(11)" T_Lut="24(24)" T_Bsram="4(4)"/>
 <SubModule name="eth_udp_tx_gmii" Register="242" Lut="375" T_Register="293(242)" T_Alu="65(0)" T_Lut="433(375)">
  <SubModule name="ip_checksum" Register="19" Alu="65" Lut="2" T_Register="19(19)" T_Alu="65(65)" T_Lut="2(2)"/>
  <SubModule name="u2_crc32_d8" Register="32" Lut="56" T_Register="32(32)" T_Lut="56(56)"/>
 </SubModule>
 <SubModule name="gmii_to_rgmii"/>
 <SubModule name="dac_out_inst" Register="46" Lut="17" T_Register="46(46)" T_Lut="17(17)"/>
 <SubModule name="gw_gao_inst_0" Register="565" Alu="16" Lut="512" Bsram="39" T_Register="565(565)" T_Alu="16(16)" T_Lut="512(512)" T_Bsram="39(39)"/>
</Module>
