<?xml version="1.0" encoding="UTF-8"?>
<Module name="RF_tx_top" T_Register="221(0)" T_Alu="18(0)" T_Lut="272(0)">
    <SubModule name="RF_tx_crtl_inst0" T_Register="67(0)" T_Alu="10(0)" T_Lut="185(0)">
        <SubModule name="tx09_ctl_u" Register="33" Alu="5" Lut="89" T_Register="33(33)" T_Alu="5(5)" T_Lut="89(89)"/>
        <SubModule name="tx24_ctl_u_1x" Register="34" Alu="5" Lut="96" T_Register="34(34)" T_Alu="5(5)" T_Lut="96(96)"/>
    </SubModule>
    <SubModule name="RF_tx_data_inst0" Register="16" Lut="15" T_Register="154(16)" T_Alu="8(0)" T_Lut="87(15)">
        <SubModule name="serial_IQ_u" Register="69" Alu="4" Lut="36" T_Register="69(69)" T_Alu="4(4)" T_Lut="36(36)"/>
        <SubModule name="serial_IQ_u_1x" Register="69" Alu="4" Lut="36" T_Register="69(69)" T_Alu="4(4)" T_Lut="36(36)"/>
    </SubModule>
</Module>
