{
 "Device" : "GW2A-55C",
 "Files" : [
  {
   "Path" : "E:/gaoyun/project/fsk_udp_loopback2/src/audio/audio_driver_pack/audio_driver_gowin.vp",
   "Type" : "verilog"
  },
  {
   "Path" : "E:/gaoyun/project/fsk_udp_loopback2/src/audio/sd_driver_pack/sd_driver_gowin.vp",
   "Type" : "verilog"
  },
  {
   "Path" : "E:/gaoyun/project/fsk_udp_loopback2/src/clk_divider.v",
   "Type" : "verilog"
  },
  {
   "Path" : "E:/gaoyun/project/fsk_udp_loopback2/src/clk_pll_pack/clk_pll_gowin.vp",
   "Type" : "verilog"
  },
  {
   "Path" : "E:/gaoyun/project/fsk_udp_loopback2/src/crc32_d8.v",
   "Type" : "verilog"
  },
  {
   "Path" : "E:/gaoyun/project/fsk_udp_loopback2/src/dac_out_pack/dac_out_gowin.vp",
   "Type" : "verilog"
  },
  {
   "Path" : "E:/gaoyun/project/fsk_udp_loopback2/src/dds_ii/dds_ii.v",
   "Type" : "verilog"
  },
  {
   "Path" : "E:/gaoyun/project/fsk_udp_loopback2/src/eth_data_buf/eth_data_buf.v",
   "Type" : "verilog"
  },
  {
   "Path" : "E:/gaoyun/project/fsk_udp_loopback2/src/eth_msg_buf/eth_msg_buf.v",
   "Type" : "verilog"
  },
  {
   "Path" : "E:/gaoyun/project/fsk_udp_loopback2/src/eth_top_pack/eth_top_gowin.vp",
   "Type" : "verilog"
  },
  {
   "Path" : "E:/gaoyun/project/fsk_udp_loopback2/src/eth_udp_rx_gmii.v",
   "Type" : "verilog"
  },
  {
   "Path" : "E:/gaoyun/project/fsk_udp_loopback2/src/eth_udp_tx_gmii.v",
   "Type" : "verilog"
  },
  {
   "Path" : "E:/gaoyun/project/fsk_udp_loopback2/src/fifo_mod/fifo_mod.v",
   "Type" : "verilog"
  },
  {
   "Path" : "E:/gaoyun/project/fsk_udp_loopback2/src/fm_mod_demod/dds_ii/dds_ii.v",
   "Type" : "verilog"
  },
  {
   "Path" : "E:/gaoyun/project/fsk_udp_loopback2/src/fm_mod_demod/filter_80k_lp.v",
   "Type" : "verilog"
  },
  {
   "Path" : "E:/gaoyun/project/fsk_udp_loopback2/src/fm_mod_demod/fm_decode.v",
   "Type" : "verilog"
  },
  {
   "Path" : "E:/gaoyun/project/fsk_udp_loopback2/src/fm_mod_demod/gowin_mult.v",
   "Type" : "verilog"
  },
  {
   "Path" : "E:/gaoyun/project/fsk_udp_loopback2/src/fm_mod_demod/gowin_mult_r.v",
   "Type" : "verilog"
  },
  {
   "Path" : "E:/gaoyun/project/fsk_udp_loopback2/src/fm_mod_demod/integer_division.v",
   "Type" : "verilog"
  },
  {
   "Path" : "E:/gaoyun/project/fsk_udp_loopback2/src/fm_top.v",
   "Type" : "verilog"
  },
  {
   "Path" : "E:/gaoyun/project/fsk_udp_loopback2/src/fsk_200k/fsk_200k.v",
   "Type" : "verilog"
  },
  {
   "Path" : "E:/gaoyun/project/fsk_udp_loopback2/src/fsk_350k/fsk_350k.v",
   "Type" : "verilog"
  },
  {
   "Path" : "E:/gaoyun/project/fsk_udp_loopback2/src/fsk_demod/fsk_demod.v",
   "Type" : "verilog"
  },
  {
   "Path" : "E:/gaoyun/project/fsk_udp_loopback2/src/fsk_mod/fsk_mod.v",
   "Type" : "verilog"
  },
  {
   "Path" : "E:/gaoyun/project/fsk_udp_loopback2/src/fsk_noncoherent_demod.v",
   "Type" : "verilog"
  },
  {
   "Path" : "E:/gaoyun/project/fsk_udp_loopback2/src/fsk_udp_in/fsk_udp_in.v",
   "Type" : "verilog"
  },
  {
   "Path" : "E:/gaoyun/project/fsk_udp_loopback2/src/fsk_udp_out/fsk_udp_out.v",
   "Type" : "verilog"
  },
  {
   "Path" : "E:/gaoyun/project/fsk_udp_loopback2/src/fsk_udp_out_ctrl.v",
   "Type" : "verilog"
  },
  {
   "Path" : "E:/gaoyun/project/fsk_udp_loopback2/src/gmii_to_rgmii.v",
   "Type" : "verilog"
  },
  {
   "Path" : "E:/gaoyun/project/fsk_udp_loopback2/src/gowin_pll/gowin_pll.v",
   "Type" : "verilog"
  },
  {
   "Path" : "E:/gaoyun/project/fsk_udp_loopback2/src/ip_checksum.v",
   "Type" : "verilog"
  },
  {
   "Path" : "E:/gaoyun/project/fsk_udp_loopback2/src/mod_16qam.v",
   "Type" : "verilog"
  },
  {
   "Path" : "E:/gaoyun/project/fsk_udp_loopback2/src/mod_16qam_test1.v",
   "Type" : "verilog"
  },
  {
   "Path" : "E:/gaoyun/project/fsk_udp_loopback2/src/rf_tx_rx/RF_rx_top_pack/RF_rx_top_gowin.vp",
   "Type" : "verilog"
  },
  {
   "Path" : "E:/gaoyun/project/fsk_udp_loopback2/src/rf_tx_rx/RF_spi_pack/RF_spi_gowin.vp",
   "Type" : "verilog"
  },
  {
   "Path" : "E:/gaoyun/project/fsk_udp_loopback2/src/rf_tx_rx/RF_tx_top_pack/RF_tx_top_gowin.vp",
   "Type" : "verilog"
  },
  {
   "Path" : "E:/gaoyun/project/fsk_udp_loopback2/src/rf_tx_rx/channel_select_pack/channel_select_gowin.vp",
   "Type" : "verilog"
  },
  {
   "Path" : "E:/gaoyun/project/fsk_udp_loopback2/src/rgmii_to_gmii.v",
   "Type" : "verilog"
  },
  {
   "Path" : "E:/gaoyun/project/fsk_udp_loopback2/src/sin_cos.v",
   "Type" : "verilog"
  },
  {
   "Path" : "E:/gaoyun/project/fsk_udp_loopback2/src/uart_pack/uart_gowin.vp",
   "Type" : "verilog"
  },
  {
   "Path" : "E:/gaoyun/project/fsk_udp_loopback2/src/Chien_Search.v",
   "Type" : "verilog"
  },
  {
   "Path" : "E:/gaoyun/project/fsk_udp_loopback2/src/eps_xor.v",
   "Type" : "verilog"
  },
  {
   "Path" : "E:/gaoyun/project/fsk_udp_loopback2/src/eps_xor2.v",
   "Type" : "verilog"
  },
  {
   "Path" : "E:/gaoyun/project/fsk_udp_loopback2/src/GF_cal0.v",
   "Type" : "verilog"
  },
  {
   "Path" : "E:/gaoyun/project/fsk_udp_loopback2/src/GF_mult.v",
   "Type" : "verilog"
  },
  {
   "Path" : "E:/gaoyun/project/fsk_udp_loopback2/src/GF_poly.v",
   "Type" : "verilog"
  },
  {
   "Path" : "E:/gaoyun/project/fsk_udp_loopback2/src/GF_sydr.v",
   "Type" : "verilog"
  },
  {
   "Path" : "E:/gaoyun/project/fsk_udp_loopback2/src/inv_cal.v",
   "Type" : "verilog"
  },
  {
   "Path" : "E:/gaoyun/project/fsk_udp_loopback2/src/lmda_xor.v",
   "Type" : "verilog"
  },
  {
   "Path" : "E:/gaoyun/project/fsk_udp_loopback2/src/lmda_xor2.v",
   "Type" : "verilog"
  },
  {
   "Path" : "E:/gaoyun/project/fsk_udp_loopback2/src/omg_xor.v",
   "Type" : "verilog"
  },
  {
   "Path" : "E:/gaoyun/project/fsk_udp_loopback2/src/omg_xor2.v",
   "Type" : "verilog"
  },
  {
   "Path" : "E:/gaoyun/project/fsk_udp_loopback2/src/pdel.v",
   "Type" : "verilog"
  },
  {
   "Path" : "E:/gaoyun/project/fsk_udp_loopback2/src/Poly_degree.v",
   "Type" : "verilog"
  },
  {
   "Path" : "E:/gaoyun/project/fsk_udp_loopback2/src/Poly_mult_tops.v",
   "Type" : "verilog"
  },
  {
   "Path" : "E:/gaoyun/project/fsk_udp_loopback2/src/RS_dec.v",
   "Type" : "verilog"
  },
  {
   "Path" : "E:/gaoyun/project/fsk_udp_loopback2/src/RS_enc.v",
   "Type" : "verilog"
  },
  {
   "Path" : "E:/gaoyun/project/fsk_udp_loopback2/src/Rs_ploymov.v",
   "Type" : "verilog"
  },
  {
   "Path" : "E:/gaoyun/project/fsk_udp_loopback2/src/RSeuclides.v",
   "Type" : "verilog"
  },
  {
   "Path" : "E:/gaoyun/project/fsk_udp_loopback2/src/sdr_cal.v",
   "Type" : "verilog"
  },
  {
   "Path" : "E:/gaoyun/project/fsk_udp_loopback2/src/Syndrome_update.v",
   "Type" : "verilog"
  },
  {
   "Path" : "E:/gaoyun/project/fsk_udp_loopback2/src/udp_to_rs/udp_to_rs.v",
   "Type" : "verilog"
  },
  {
   "Path" : "E:/gaoyun/project/fsk_udp_loopback2/src/rs_fifo_controller.v",
   "Type" : "verilog"
  },
  {
   "Path" : "E:/gaoyun/project/fsk_udp_loopback2/src/fsk_buf/fsk_buf.v",
   "Type" : "verilog"
  },
  {
   "Path" : "E:/gaoyun/project/fsk_udp_loopback2/src/rs_to_udp/rs_to_udp.v",
   "Type" : "verilog"
  },
  {
   "Path" : "E:/gaoyun/project/fsk_udp_loopback2/src/fsk_modulator.v",
   "Type" : "verilog"
  },
  {
   "Path" : "E:/gaoyun/project/fsk_udp_loopback2/src/fsk_top.v",
   "Type" : "verilog"
  }
 ],
 "IncludePath" : [

 ],
 "LoopLimit" : 2000,
 "ResultFile" : "E:/gaoyun/project/fsk_udp_loopback2/impl/temp/rtl_parser.result",
 "Top" : "fsk_top",
 "VerilogStd" : "verilog_2001",
 "VhdlStd" : "vhdl_93"
}